Timestamp,Corrected Temperature (C),Raw Temperature (C),CPU Temperature (C)
2025-03-29 16:13:41,31.505552517700195,42.5904426574707,58.426
2025-03-29 16:13:42,31.22978122558594,42.628753662109375,58.913
2025-03-29 16:13:43,31.570681225585936,42.628753662109375,58.426
2025-03-29 16:13:44,32.62594233703613,42.64790725708008,56.965
2025-03-29 16:13:45,31.944142337036133,42.64790725708008,57.939
2025-03-29 16:13:46,32.04183215637207,42.70537185668945,57.939
2025-03-29 16:13:47,31.099523809814457,42.55213165283203,58.913
2025-03-29 16:13:48,32.106960864257815,42.743682861328125,57.939
2025-03-29 16:13:49,32.31760344848633,42.66706085205078,57.452
2025-03-29 16:13:50,32.39800158691406,42.513824462890625,56.965
2025-03-29 16:13:51,32.62594233703613,42.64790725708008,56.965
2025-03-29 16:13:52,32.31760344848633,42.66706085205078,57.452
2025-03-29 16:13:53,32.78876086425781,42.743682861328125,56.965
2025-03-29 16:13:54,32.04183215637207,42.70537185668945,57.939
2025-03-29 16:13:55,31.70093215637207,42.70537185668945,58.426
2025-03-29 16:13:56,32.074393267822266,42.724525451660156,57.939
2025-03-29 16:13:57,30.986571044921877,42.68621826171875,59.4
2025-03-29 16:13:58,31.570681225585936,42.628753662109375,58.426
2025-03-29 16:13:59,31.099523809814457,42.55213165283203,58.913
2025-03-29 16:14:00,31.22978122558594,42.628753662109375,58.913
2025-03-29 16:14:01,32.21991362915039,42.609596252441406,57.452
2025-03-29 16:14:02,31.81389140625,42.5712890625,57.939
2025-03-29 16:14:03,32.1873525177002,42.5904426574707,57.452
2025-03-29 16:14:04,32.25248122558594,42.628753662109375,57.452
2025-03-29 16:14:05,31.79862197570801,42.76283645629883,58.426
2025-03-29 16:14:06,31.879013629150393,42.609596252441406,57.939
2025-03-29 16:14:07,31.781323809814452,42.55213165283203,57.939
2025-03-29 16:14:08,32.30031176757812,42.45635986328125,56.965
2025-03-29 16:14:09,31.991979364013673,42.47551727294922,57.452
2025-03-29 16:14:10,32.31760344848633,42.66706085205078,57.452
2025-03-29 16:14:11,32.31760344848633,42.66706085205078,57.452
2025-03-29 16:14:12,32.106960864257815,42.743682861328125,57.939
2025-03-29 16:14:13,31.716201586914064,42.513824462890625,57.939
2025-03-29 16:14:14,31.034401586914065,42.513824462890625,58.913
2025-03-29 16:14:15,31.375301586914063,42.513824462890625,58.426
2025-03-29 16:14:16,31.132091406250005,42.5712890625,58.913
2025-03-29 16:14:17,32.08966918334961,42.532981872558594,57.452
2025-03-29 16:14:18,31.505552517700195,42.5904426574707,58.426
2025-03-29 16:14:20,31.879013629150393,42.609596252441406,57.939
2025-03-29 16:14:21,32.56081362915039,42.609596252441406,56.965
2025-03-29 16:14:22,31.879013629150393,42.609596252441406,57.939
2025-03-29 16:14:23,31.846452517700197,42.5904426574707,57.939
2025-03-29 16:14:24,31.538113629150388,42.609596252441406,58.426
2025-03-29 16:14:25,32.057101586914065,42.513824462890625,57.452
2025-03-29 16:14:26,32.31760344848633,42.66706085205078,57.452
2025-03-29 16:14:27,31.716201586914064,42.513824462890625,57.939
2025-03-29 16:14:28,32.70633399047851,42.494667053222656,56.478
2025-03-29 16:14:29,32.83659140625,42.5712890625,56.478
2025-03-29 16:14:30,32.46312380981445,42.55213165283203,56.965
2025-03-29 16:14:31,32.08966918334961,42.532981872558594,57.452
2025-03-29 16:14:32,31.879013629150393,42.609596252441406,57.939
2025-03-29 16:14:33,31.74876918334961,42.532981872558594,57.939
2025-03-29 16:14:34,32.64121176757813,42.45635986328125,56.478
2025-03-29 16:14:35,32.02453399047852,42.494667053222656,57.452
2025-03-29 16:14:36,32.21991362915039,42.609596252441406,57.452
2025-03-29 16:14:37,32.20262194824218,42.398895263671875,56.965
2025-03-29 16:14:38,32.00724230957031,42.283966064453125,56.965
2025-03-29 16:14:39,31.58594417114258,42.43720245361328,57.939
2025-03-29 16:14:40,31.666342309570314,42.283966064453125,57.452
2025-03-29 16:14:41,31.894289544677736,42.418052673339844,57.452
2025-03-29 16:14:42,31.974681198120116,42.26481246948242,56.965
2025-03-29 16:14:43,31.909552490234375,42.22650146484375,56.965
2025-03-29 16:14:44,32.10493212890625,42.3414306640625,56.965
2025-03-29 16:14:45,31.7965997253418,42.36058807373047,57.452
2025-03-29 16:14:46,32.65648119812012,42.26481246948242,55.991
2025-03-29 16:14:47,32.1374997253418,42.36058807373047,56.965
2025-03-29 16:14:48,31.974681198120116,42.26481246948242,56.965
2025-03-29 16:14:49,32.00724230957031,42.283966064453125,56.965
2025-03-29 16:14:50,32.413271017456054,42.3222770690918,56.478
2025-03-29 16:14:51,32.12020155944824,42.14988327026367,56.478
2025-03-29 16:14:52,32.65648119812012,42.26481246948242,55.991
2025-03-29 16:14:53,31.63378119812012,42.26481246948242,57.452
2025-03-29 16:14:54,32.315581198120114,42.26481246948242,56.478
2025-03-29 16:14:55,32.17005435180664,42.379737854003906,56.965
2025-03-29 16:14:56,31.470962670898437,42.169036865234375,57.452
2025-03-29 16:14:57,31.876991378784176,42.20734786987305,56.965
2025-03-29 16:14:58,32.59135249023438,42.22650146484375,55.991
2025-03-29 16:14:59,31.844430267333983,42.188194274902344,56.965
2025-03-29 16:15:00,32.413271017456054,42.3222770690918,56.478
2025-03-29 16:15:01,32.78673212890625,42.3414306640625,55.991
2025-03-29 16:15:02,31.974681198120116,42.26481246948242,56.965
2025-03-29 16:15:03,31.568652490234378,42.22650146484375,57.452
2025-03-29 16:15:04,32.02251174011231,42.0924186706543,56.478
2025-03-29 16:15:05,31.89226080932617,42.01580047607422,56.478
2025-03-29 16:15:06,30.999811740112307,42.0924186706543,57.939
2025-03-29 16:15:07,31.55136080932617,42.01580047607422,56.965
2025-03-29 16:15:08,31.989950628662108,42.073265075683594,56.478
2025-03-29 16:15:09,31.82713210144043,41.97748947143555,56.478
2025-03-29 16:15:10,31.746740447998043,42.13072967529297,56.965
2025-03-29 16:15:11,31.957383032226563,42.054107666015625,56.478
2025-03-29 16:15:12,30.836993212890626,41.99664306640625,57.939
2025-03-29 16:15:13,31.55136080932617,42.01580047607422,56.965
2025-03-29 16:15:14,31.08020339355469,41.939178466796875,57.452
2025-03-29 16:15:15,31.290852462768555,41.8625602722168,56.965
2025-03-29 16:15:16,31.50150153198242,41.78594207763672,56.478
2025-03-29 16:15:17,30.819701531982425,41.78594207763672,57.452
2025-03-29 16:15:18,31.631752462768553,41.8625602722168,56.478
2025-03-29 16:15:19,32.508932101440436,41.97748947143555,55.504
2025-03-29 16:15:20,31.631752462768553,41.8625602722168,56.478
2025-03-29 16:15:21,31.37124411621094,41.709320068359375,56.478
2025-03-29 16:15:22,31.77727282409668,41.74763107299805,55.991
2025-03-29 16:15:23,31.744711712646485,41.728477478027344,55.991
2025-03-29 16:15:24,31.744711712646485,41.728477478027344,55.991
2025-03-29 16:15:25,31.062911712646482,41.728477478027344,56.965
2025-03-29 16:15:26,32.08561171264648,41.728477478027344,55.504
2025-03-29 16:15:27,31.77727282409668,41.74763107299805,55.991
2025-03-29 16:15:28,31.37124411621094,41.709320068359375,56.478
2025-03-29 16:15:29,31.92279318542481,41.6327018737793,55.504
2025-03-29 16:15:30,31.078174658203125,41.53692626953125,56.478
2025-03-29 16:15:31,31.792542254638676,41.55608367919922,55.504
2025-03-29 16:15:32,31.468933935546875,41.76678466796875,56.478
2025-03-29 16:15:33,31.143303366088865,41.57523727416992,56.478
2025-03-29 16:15:34,31.256262615966797,41.44115447998047,55.991
2025-03-29 16:15:35,31.48420336608887,41.57523727416992,55.991
2025-03-29 16:15:36,31.581893185424804,41.6327018737793,55.991
2025-03-29 16:15:37,31.97063021240234,41.46031188964844,55.017
2025-03-29 16:15:38,31.17586447753906,41.594390869140625,56.478
2025-03-29 16:15:39,31.386520031738282,41.51777648925781,55.991
2025-03-29 16:15:40,31.32138483886719,41.479461669921875,55.991
2025-03-29 16:15:41,31.5971626159668,41.44115447998047,55.504
2025-03-29 16:15:42,31.15857279663086,41.383689880371094,55.991
2025-03-29 16:15:43,32.100874658203125,41.53692626953125,55.017
2025-03-29 16:15:44,31.5971626159668,41.44115447998047,55.504
2025-03-29 16:15:45,31.5971626159668,41.44115447998047,55.504
2025-03-29 16:15:46,31.17586447753906,41.594390869140625,56.478
2025-03-29 16:15:47,31.288830212402345,41.46031188964844,55.991
2025-03-29 16:15:48,31.759974658203127,41.53692626953125,55.504
2025-03-29 16:15:49,30.88279501953125,41.4219970703125,56.478
2025-03-29 16:15:50,31.04562003173828,41.51777648925781,56.478
2025-03-29 16:15:51,30.980484838867188,41.479461669921875,56.478
2025-03-29 16:15:52,30.346521865844725,41.307071685791016,56.965
2025-03-29 16:15:53,31.271532046508792,41.24960708618164,55.504
2025-03-29 16:15:54,31.43435057373047,41.34538269042969,55.504
2025-03-29 16:15:55,31.060882977294924,41.32622528076172,55.991
2025-03-29 16:15:56,31.288830212402345,41.46031188964844,55.991
2025-03-29 16:15:57,30.248832046508788,41.24960708618164,56.965
2025-03-29 16:15:58,30.963193157958983,41.268760681152344,55.991
2025-03-29 16:15:59,31.271532046508792,41.24960708618164,55.504
2025-03-29 16:16:00,30.687421865844726,41.307071685791016,56.478
2025-03-29 16:16:01,31.43435057373047,41.34538269042969,55.504
2025-03-29 16:16:02,30.93063204650879,41.24960708618164,55.991
2025-03-29 16:16:03,30.524603338623045,41.21129608154297,56.478
2025-03-29 16:16:04,31.36922186584473,41.307071685791016,55.504
2025-03-29 16:16:05,30.70472003173828,41.51777648925781,56.965
2025-03-29 16:16:06,31.466905200195313,41.364532470703125,55.504
2025-03-29 16:16:07,31.093450573730472,41.34538269042969,55.991
2025-03-29 16:16:08,31.51474222717285,41.192142486572266,55.017
2025-03-29 16:16:09,31.336660754394533,41.28791809082031,55.504
2025-03-29 16:16:10,31.238970935058596,41.23045349121094,55.504
2025-03-29 16:16:11,31.401782977294925,41.32622528076172,55.504
2025-03-29 16:16:12,31.74268297729492,41.32622528076172,55.017
2025-03-29 16:16:13,30.898070935058595,41.23045349121094,55.991
2025-03-29 16:16:14,31.028321865844728,41.307071685791016,55.991
2025-03-29 16:16:15,31.401782977294925,41.32622528076172,55.504
2025-03-29 16:16:16,31.336660754394533,41.28791809082031,55.504
2025-03-29 16:16:17,30.58973204650879,41.24960708618164,56.478
2025-03-29 16:16:18,31.173842227172855,41.192142486572266,55.504
2025-03-29 16:16:19,31.271532046508792,41.24960708618164,55.504
2025-03-29 16:16:20,31.69282369995117,41.09636688232422,54.53
2025-03-29 16:16:21,31.076152407836915,41.13467788696289,55.504
2025-03-29 16:16:22,31.10871351928711,41.153831481933594,55.504
2025-03-29 16:16:23,31.076152407836915,41.13467788696289,55.504
2025-03-29 16:16:24,31.319362588500976,41.077213287353516,55.017
2025-03-29 16:16:25,31.85564222717285,41.192142486572266,54.53
2025-03-29 16:16:26,31.189111657714843,41.00059509277344,55.017
2025-03-29 16:16:27,31.173842227172855,41.192142486572266,55.504
2025-03-29 16:16:28,30.945901477050782,41.05805969238281,55.504
2025-03-29 16:16:29,30.8156440612793,40.98143768310547,55.504
2025-03-29 16:16:30,30.86550333862305,41.21129608154297,55.991
2025-03-29 16:16:31,31.28680147705078,41.05805969238281,55.017
2025-03-29 16:16:32,30.978462588500978,41.077213287353516,55.504
2025-03-29 16:16:33,30.88077276916504,41.01974868774414,55.504
2025-03-29 16:16:34,30.848211657714845,41.00059509277344,55.504
2025-03-29 16:16:35,31.51474222717285,41.192142486572266,55.017
2025-03-29 16:16:36,30.898070935058595,41.23045349121094,55.991
2025-03-29 16:16:37,31.384491296386717,41.11552429199219,55.017
2025-03-29 16:16:38,30.507311657714844,41.00059509277344,55.991
2025-03-29 16:16:39,30.783082949829105,40.962284088134766,55.504
2025-03-29 16:16:40,30.19897276916504,41.01974868774414,56.478
2025-03-29 16:16:41,30.700662561035156,40.71327209472656,55.017
2025-03-29 16:16:42,29.97103201904297,40.88566589355469,56.478
2025-03-29 16:16:43,30.65283201904297,40.88566589355469,55.504
2025-03-29 16:16:44,29.402184783935546,40.75157928466797,56.965
2025-03-29 16:16:45,30.344493130493163,40.90481948852539,55.991
2025-03-29 16:16:46,30.181674603271485,40.809043884277344,55.991
2025-03-29 16:16:47,30.279364422607422,40.86650848388672,55.991
2025-03-29 16:16:48,31.026293130493162,40.90481948852539,55.017
2025-03-29 16:16:49,30.279364422607422,40.86650848388672,55.991
2025-03-29 16:16:50,30.798352380371092,40.77073669433594,55.017
2025-03-29 16:16:51,30.42488478393555,40.75157928466797,55.504
2025-03-29 16:16:52,30.863474603271484,40.809043884277344,55.017
2025-03-29 16:16:53,30.457452380371095,40.77073669433594,55.504
2025-03-29 16:16:54,30.14911349182129,40.78989028930664,55.991
2025-03-29 16:16:55,30.798352380371092,40.77073669433594,55.017
2025-03-29 16:16:56,30.116552380371097,40.77073669433594,55.991
2025-03-29 16:16:57,30.522574603271487,40.809043884277344,55.504
2025-03-29 16:16:58,30.392323672485354,40.732425689697266,55.504
2025-03-29 16:16:59,29.953733853149416,40.67496109008789,55.991
2025-03-29 16:17:00,29.92117274169922,40.65580749511719,55.991
2025-03-29 16:17:01,30.164382922363284,40.59834289550781,55.504
2025-03-29 16:17:02,30.40759310302734,40.54087829589844,55.017
2025-03-29 16:17:03,29.953733853149416,40.67496109008789,55.991
2025-03-29 16:17:04,30.164382922363284,40.59834289550781,55.504
2025-03-29 16:17:05,31.041562561035157,40.71327209472656,54.53
2025-03-29 16:17:06,30.229505145263673,40.63665008544922,55.504
2025-03-29 16:17:07,30.19694403381348,40.617496490478516,55.504
2025-03-29 16:17:08,30.846182922363283,40.59834289550781,54.53
2025-03-29 16:17:09,30.878744033813476,40.617496490478516,54.53
2025-03-29 16:17:10,30.63553385314941,40.67496109008789,55.017
2025-03-29 16:17:11,30.63553385314941,40.67496109008789,55.017
2025-03-29 16:17:12,30.50528292236328,40.59834289550781,55.017
2025-03-29 16:17:13,30.472715325927734,40.579185485839844,55.017
2025-03-29 16:17:14,29.660670880126954,40.50257110595703,55.991
2025-03-29 16:17:15,29.936435687255862,40.464256286621094,55.504
2025-03-29 16:17:16,31.28477274169922,40.65580749511719,54.043
2025-03-29 16:17:17,30.537844033813474,40.617496490478516,55.017
2025-03-29 16:17:18,30.846182922363283,40.59834289550781,54.53
2025-03-29 16:17:19,30.57040514526367,40.63665008544922,55.017
2025-03-29 16:17:20,30.229505145263673,40.63665008544922,55.504
2025-03-29 16:17:21,29.856044033813475,40.617496490478516,55.991
2025-03-29 16:17:22,29.758354214477542,40.56003189086914,55.991
2025-03-29 16:17:23,30.0341255065918,40.52172088623047,55.504
2025-03-29 16:17:24,30.066693103027347,40.54087829589844,55.504
2025-03-29 16:17:25,29.92117274169922,40.65580749511719,55.991
2025-03-29 16:17:26,29.823482922363283,40.59834289550781,55.991
2025-03-29 16:17:27,30.342470880126953,40.50257110595703,55.017
2025-03-29 16:17:28,29.936435687255862,40.464256286621094,55.504
2025-03-29 16:17:29,29.773623645019534,40.36848449707031,55.504
2025-03-29 16:17:30,29.62810328369141,40.48341369628906,55.991
2025-03-29 16:17:31,30.472715325927734,40.579185485839844,55.017
2025-03-29 16:17:32,29.693225506591798,40.52172088623047,55.991
2025-03-29 16:17:33,29.823482922363283,40.59834289550781,55.991
2025-03-29 16:17:34,30.78105421447754,40.56003189086914,54.53
2025-03-29 16:17:35,29.54770514526367,40.63665008544922,56.478
2025-03-29 16:17:36,30.001570880126955,40.50257110595703,55.504
2025-03-29 16:17:37,29.693225506591798,40.52172088623047,55.991
2025-03-29 16:17:38,30.309903283691405,40.48341369628906,55.017
2025-03-29 16:17:39,30.309903283691405,40.48341369628906,55.017
2025-03-29 16:17:40,30.45542364501953,40.36848449707031,54.53
2025-03-29 16:17:41,29.87131346435547,40.42594909667969,55.504
2025-03-29 16:17:42,30.147091241455076,40.38764190673828,55.017
2025-03-29 16:17:43,29.806191241455082,40.38764190673828,55.504
2025-03-29 16:17:44,30.422856048583984,40.349327087402344,54.53
2025-03-29 16:17:45,30.55311346435547,40.42594909667969,54.53
2025-03-29 16:17:46,30.17964586791992,40.40679168701172,55.017
2025-03-29 16:17:47,30.650803283691406,40.48341369628906,54.53
2025-03-29 16:17:48,30.147091241455076,40.38764190673828,55.017
2025-03-29 16:17:49,30.650803283691406,40.48341369628906,54.53
2025-03-29 16:17:50,29.02670142211914,40.330177307128906,56.478
2025-03-29 16:17:51,29.660670880126954,40.50257110595703,55.991
2025-03-29 16:17:52,29.806191241455082,40.38764190673828,55.504
2025-03-29 16:17:53,29.773623645019534,40.36848449707031,55.504
2025-03-29 16:17:54,28.653233825683593,40.31101989746094,56.965
2025-03-29 16:17:55,29.919144006347654,40.25355529785156,55.017
2025-03-29 16:17:56,29.49784586791992,40.40679168701172,55.991
2025-03-29 16:17:57,30.39030142211914,40.330177307128906,54.53
2025-03-29 16:17:58,29.545682894897464,40.23440170288086,55.504
2025-03-29 16:17:59,29.9842727142334,40.291866302490234,55.017
2025-03-29 16:18:00,29.400156048583987,40.349327087402344,55.991
2025-03-29 16:18:01,29.919144006347654,40.25355529785156,55.017
2025-03-29 16:18:02,29.6433727142334,40.291866302490234,55.504
2025-03-29 16:18:03,29.65864214477539,40.100318908691406,55.017
2025-03-29 16:18:04,29.610811602783205,40.27271270751953,55.504
2025-03-29 16:18:05,30.032103256225586,40.11947250366211,54.53
2025-03-29 16:18:06,30.357733825683596,40.31101989746094,54.53
2025-03-29 16:18:07,29.107093075561522,40.176937103271484,55.991
2025-03-29 16:18:08,29.41543196411133,40.15778350830078,55.504
2025-03-29 16:18:09,30.307874548339846,40.08116149902344,54.043
2025-03-29 16:18:10,29.626074548339844,40.08116149902344,55.017
2025-03-29 16:18:11,29.99954214477539,40.100318908691406,54.53
2025-03-29 16:18:12,29.65864214477539,40.100318908691406,55.017
2025-03-29 16:18:13,30.746464367675785,40.13862609863281,53.556
2025-03-29 16:18:14,30.909282894897466,40.23440170288086,53.556
2025-03-29 16:18:15,29.382864367675783,40.13862609863281,55.504
2025-03-29 16:18:16,29.00940325622559,40.11947250366211,55.991
2025-03-29 16:18:17,29.72376436767578,40.13862609863281,55.017
2025-03-29 16:18:18,29.951711602783202,40.27271270751953,55.017
2025-03-29 16:18:19,29.204782894897463,40.23440170288086,55.991
2025-03-29 16:18:20,30.53582178344727,40.215248107910156,54.043
2025-03-29 16:18:21,29.901852325439453,40.04285430908203,54.53
2025-03-29 16:18:23,30.84415418701172,40.19609069824219,53.556
2025-03-29 16:18:24,29.901852325439453,40.04285430908203,54.53
2025-03-29 16:18:25,29.93441343688965,40.062007904052734,54.53
2025-03-29 16:18:26,30.242752325439454,40.04285430908203,54.043
2025-03-29 16:18:27,29.18748472900391,40.02369689941406,55.504
2025-03-29 16:18:28,29.771594909667968,39.96623229980469,54.53
2025-03-29 16:18:29,30.242752325439454,40.04285430908203,54.043
2025-03-29 16:18:30,30.373003256225587,40.11947250366211,54.043
2025-03-29 16:18:31,29.65864214477539,40.100318908691406,55.017
2025-03-29 16:18:32,30.405564367675783,40.13862609863281,54.043
2025-03-29 16:18:33,29.49582361755371,40.00454330444336,55.017
2025-03-29 16:18:34,30.27531343688965,40.062007904052734,54.043
2025-03-29 16:18:35,29.65864214477539,40.100318908691406,55.017
2025-03-29 16:18:36,30.16235418701172,40.19609069824219,54.53
2025-03-29 16:18:37,30.242752325439454,40.04285430908203,54.043
2025-03-29 16:18:38,30.420833798217778,39.947078704833984,53.556
2025-03-29 16:18:39,29.706472686767576,39.92792510986328,54.53
2025-03-29 16:18:40,29.93441343688965,40.062007904052734,54.53
2025-03-29 16:18:41,29.739033798217775,39.947078704833984,54.53
2025-03-29 16:18:42,29.96697454833984,40.08116149902344,54.53
2025-03-29 16:18:43,29.220052325439454,40.04285430908203,55.504
2025-03-29 16:18:44,29.39813379821777,39.947078704833984,55.017
2025-03-29 16:18:45,29.430694909667967,39.96623229980469,55.017
2025-03-29 16:18:46,28.440562506103515,39.985389709472656,56.478
2025-03-29 16:18:47,29.18748472900391,40.02369689941406,55.504
2025-03-29 16:18:48,28.944274548339845,40.08116149902344,55.991
2025-03-29 16:18:49,28.570813436889647,40.062007904052734,56.478
2025-03-29 16:18:50,29.528384729003903,40.02369689941406,55.017
2025-03-29 16:18:51,28.95954397888184,39.88961410522461,55.504
2025-03-29 16:18:52,29.593513436889648,40.062007904052734,55.017
2025-03-29 16:18:53,29.267882867431638,39.870460510253906,55.017
2025-03-29 16:18:54,30.11249490966797,39.96623229980469,54.043
2025-03-29 16:18:55,29.365572686767578,39.92792510986328,55.017
2025-03-29 16:18:56,29.851993048095704,39.81299591064453,54.043
2025-03-29 16:18:57,29.94968286743164,39.870460510253906,54.043
2025-03-29 16:18:58,30.192893048095705,39.81299591064453,53.556
2025-03-29 16:18:59,29.1701930480957,39.81299591064453,55.017
2025-03-29 16:19:00,29.608782867431643,39.870460510253906,54.53
2025-03-29 16:19:01,30.014805090332032,39.90876770019531,54.043
2025-03-29 16:19:02,29.5436541595459,39.832149505615234,54.53
2025-03-29 16:19:03,29.300443978881834,39.88961410522461,55.017
2025-03-29 16:19:04,29.5436541595459,39.832149505615234,54.53
2025-03-29 16:19:05,29.072503228759764,39.755531311035156,55.017
2025-03-29 16:19:06,29.786864340209963,39.77468490600586,54.043
2025-03-29 16:19:07,29.786864340209963,39.77468490600586,54.043
2025-03-29 16:19:08,29.039935632324216,39.73637390136719,55.017
2025-03-29 16:19:09,29.5436541595459,39.832149505615234,54.53
2025-03-29 16:19:10,30.664043978881836,39.88961410522461,53.069
2025-03-29 16:19:11,29.235315270996093,39.85130310058594,55.017
2025-03-29 16:19:12,29.786864340209963,39.77468490600586,54.043
2025-03-29 16:19:13,29.8845541595459,39.832149505615234,54.043
2025-03-29 16:19:14,29.478525451660154,39.79383850097656,54.53
2025-03-29 16:19:15,29.137625451660156,39.79383850097656,55.017
2025-03-29 16:19:16,30.290582867431645,39.870460510253906,53.556
2025-03-29 16:19:17,29.10506434020996,39.77468490600586,55.017
2025-03-29 16:19:18,29.62404581298828,39.67890930175781,54.043
2025-03-29 16:19:19,29.81942545166016,39.79383850097656,54.043
2025-03-29 16:19:20,29.62404581298828,39.67890930175781,54.043
2025-03-29 16:19:21,30.566354159545895,39.832149505615234,53.069
2025-03-29 16:19:22,29.478525451660154,39.79383850097656,54.53
2025-03-29 16:19:23,28.69903563232422,39.73637390136719,55.504
2025-03-29 16:19:24,29.1701930480957,39.81299591064453,55.017
2025-03-29 16:19:25,29.039935632324216,39.73637390136719,55.017
2025-03-29 16:19:26,28.731603228759766,39.755531311035156,55.504
2025-03-29 16:19:27,29.300443978881834,39.88961410522461,55.017
2025-03-29 16:19:28,29.202754159545897,39.832149505615234,55.017
2025-03-29 16:19:29,28.8618541595459,39.832149505615234,55.504
2025-03-29 16:19:30,29.34827452087402,39.717220306396484,54.53
2025-03-29 16:19:31,29.511093048095702,39.81299591064453,54.53
2025-03-29 16:19:32,29.786864340209963,39.77468490600586,54.043
2025-03-29 16:19:33,29.706472686767576,39.92792510986328,54.53
2025-03-29 16:19:34,29.754303228759767,39.755531311035156,54.043
2025-03-29 16:19:35,29.185455993652344,39.62144470214844,54.53
2025-03-29 16:19:36,29.754303228759767,39.755531311035156,54.043
2025-03-29 16:19:37,29.689174520874026,39.717220306396484,54.043
2025-03-29 16:19:38,29.34827452087402,39.717220306396484,54.53
2025-03-29 16:19:39,29.81942545166016,39.79383850097656,54.043
2025-03-29 16:19:40,29.28314581298828,39.67890930175781,54.53
2025-03-29 16:19:41,29.185455993652344,39.62144470214844,54.53
2025-03-29 16:19:42,29.10506434020996,39.77468490600586,55.017
2025-03-29 16:19:43,29.81942545166016,39.79383850097656,54.043
2025-03-29 16:19:44,29.21802359008789,39.640602111816406,54.53
2025-03-29 16:19:45,29.591484701538086,39.65975570678711,54.043
2025-03-29 16:19:46,29.72173563232422,39.73637390136719,54.043
2025-03-29 16:19:47,30.062635632324223,39.73637390136719,53.556
2025-03-29 16:19:48,29.867255993652346,39.62144470214844,53.556
2025-03-29 16:19:49,29.591484701538086,39.65975570678711,54.043
2025-03-29 16:19:50,29.72173563232422,39.73637390136719,54.043
2025-03-29 16:19:51,30.436103228759762,39.755531311035156,53.069
2025-03-29 16:19:52,29.478525451660154,39.79383850097656,54.53
2025-03-29 16:19:53,29.99751340942383,39.69806671142578,53.556
2025-03-29 16:19:54,29.754303228759767,39.755531311035156,54.043
2025-03-29 16:19:55,29.526355993652345,39.62144470214844,54.043
2025-03-29 16:19:56,28.957521728515623,39.48736572265625,54.53
2025-03-29 16:19:57,29.558923590087893,39.640602111816406,54.043
2025-03-29 16:19:58,30.077905062866208,39.54482650756836,53.069
2025-03-29 16:19:59,29.704443951416017,39.525672912597656,53.556
2025-03-29 16:20:00,29.476496716308596,39.39158630371094,53.556
2025-03-29 16:20:01,28.503655993652345,39.62144470214844,55.504
2025-03-29 16:20:02,28.34084395141602,39.525672912597656,55.504
2025-03-29 16:20:03,28.48636431274414,39.410743713378906,55.017
2025-03-29 16:20:04,28.616621728515625,39.48736572265625,55.017
2025-03-29 16:20:05,29.26585413208008,39.46820831298828,54.043
2025-03-29 16:20:06,29.67187635498047,39.50651550292969,53.556
2025-03-29 16:20:07,29.120333770751955,39.58313751220703,54.53
2025-03-29 16:20:08,28.82726431274414,39.410743713378906,54.53
2025-03-29 16:20:09,29.168164312744143,39.410743713378906,54.043
2025-03-29 16:20:10,29.005352270507814,39.314971923828125,54.043
2025-03-29 16:20:11,28.794696716308593,39.39158630371094,54.53
2025-03-29 16:20:12,29.168164312744143,39.410743713378906,54.043
2025-03-29 16:20:13,28.76214208984375,39.3724365234375,54.53
2025-03-29 16:20:14,29.005352270507814,39.314971923828125,54.043
2025-03-29 16:20:15,29.23328653564453,39.44905090332031,54.043
2025-03-29 16:20:16,28.421242089843748,39.3724365234375,55.017
2025-03-29 16:20:17,29.476496716308596,39.39158630371094,53.556
2025-03-29 16:20:18,28.794696716308593,39.39158630371094,54.53
2025-03-29 16:20:19,29.005352270507814,39.314971923828125,54.043
2025-03-29 16:20:20,28.794696716308593,39.39158630371094,54.53
2025-03-29 16:20:21,29.60675413208008,39.46820831298828,53.556
2025-03-29 16:20:22,29.509064312744144,39.410743713378906,53.556
2025-03-29 16:20:23,28.45379671630859,39.39158630371094,55.017
2025-03-29 16:20:24,28.45379671630859,39.39158630371094,55.017
2025-03-29 16:20:25,29.070474493408206,39.35327911376953,54.043
2025-03-29 16:20:26,29.84996431274414,39.410743713378906,53.069
2025-03-29 16:20:27,28.924954132080078,39.46820831298828,54.53
2025-03-29 16:20:28,28.48636431274414,39.410743713378906,55.017
2025-03-29 16:20:29,29.443942089843752,39.3724365234375,53.556
2025-03-29 16:20:30,29.21599485473633,39.23834991455078,53.556
2025-03-29 16:20:31,29.84996431274414,39.410743713378906,53.069
2025-03-29 16:20:32,28.82726431274414,39.410743713378906,54.53
2025-03-29 16:20:33,30.158296716308595,39.39158630371094,52.582
2025-03-29 16:20:34,29.980221728515623,39.48736572265625,53.069
2025-03-29 16:20:35,29.476496716308596,39.39158630371094,53.556
2025-03-29 16:20:36,29.654584674072265,39.295814514160156,53.069
2025-03-29 16:20:37,28.94021707763672,39.27665710449219,54.043
2025-03-29 16:20:38,29.654584674072265,39.295814514160156,53.069
2025-03-29 16:20:39,28.664452270507812,39.314971923828125,54.53
2025-03-29 16:20:40,28.32355227050781,39.314971923828125,55.017
2025-03-29 16:20:41,28.664452270507812,39.314971923828125,54.53
2025-03-29 16:20:42,29.865233743286133,39.21919631958008,52.582
2025-03-29 16:20:43,29.411374493408204,39.35327911376953,53.556
2025-03-29 16:20:44,28.907662451171877,39.25750732421875,54.043
2025-03-29 16:20:45,28.94021707763672,39.27665710449219,54.043
2025-03-29 16:20:46,29.491772631835936,39.200042724609375,53.069
2025-03-29 16:20:47,29.150872631835938,39.200042724609375,53.556
2025-03-29 16:20:48,29.020615216064456,39.12342071533203,53.556
2025-03-29 16:20:49,28.80997263183594,39.200042724609375,54.043
2025-03-29 16:20:50,28.842533743286133,39.21919631958008,54.043
2025-03-29 16:20:51,28.80997263183594,39.200042724609375,54.043
2025-03-29 16:20:52,29.183433743286137,39.21919631958008,53.556
2025-03-29 16:20:53,29.281117077636722,39.27665710449219,53.556
2025-03-29 16:20:54,29.183433743286137,39.21919631958008,53.556
2025-03-29 16:20:55,29.183433743286137,39.21919631958008,53.556
2025-03-29 16:20:56,29.52433374328613,39.21919631958008,53.069
2025-03-29 16:20:57,28.777405035400392,39.180885314941406,54.043
2025-03-29 16:20:58,29.52433374328613,39.21919631958008,53.069
2025-03-29 16:20:59,29.085743923950197,39.1617317199707,53.556
2025-03-29 16:21:00,28.679715216064455,39.12342071533203,54.043
2025-03-29 16:21:01,28.371382812500002,39.142578125,54.53
2025-03-29 16:21:02,28.338815216064454,39.12342071533203,54.53
2025-03-29 16:21:03,28.43650503540039,39.180885314941406,54.53
2025-03-29 16:21:04,29.24856245117188,39.25750732421875,53.556
2025-03-29 16:21:05,29.491772631835936,39.200042724609375,53.069
2025-03-29 16:21:06,29.183433743286137,39.21919631958008,53.556
2025-03-29 16:21:07,29.070474493408206,39.35327911376953,54.043
2025-03-29 16:21:08,28.777405035400392,39.180885314941406,54.043
2025-03-29 16:21:09,28.744843923950196,39.1617317199707,54.043
2025-03-29 16:21:10,29.346252270507815,39.314971923828125,53.556
2025-03-29 16:21:11,28.534194854736327,39.23834991455078,54.53
2025-03-29 16:21:12,29.7522744934082,39.35327911376953,53.069
2025-03-29 16:21:13,28.697006896972656,39.33412170410156,54.53
2025-03-29 16:21:14,29.800105035400392,39.180885314941406,52.582
2025-03-29 16:21:15,29.118305035400393,39.180885314941406,53.556
2025-03-29 16:21:16,29.020615216064456,39.12342071533203,53.556
2025-03-29 16:21:17,28.501633743286135,39.21919631958008,54.53
2025-03-29 16:21:18,28.241125396728513,39.065956115722656,54.53
2025-03-29 16:21:19,28.64715410461426,39.10426712036133,54.043
2025-03-29 16:21:20,28.501633743286135,39.21919631958008,54.53
2025-03-29 16:21:21,28.09560503540039,39.180885314941406,55.017
2025-03-29 16:21:22,29.491772631835936,39.200042724609375,53.069
2025-03-29 16:21:23,28.87509485473633,39.23834991455078,54.043
2025-03-29 16:21:24,29.346252270507815,39.314971923828125,53.556
2025-03-29 16:21:25,29.085743923950197,39.1617317199707,53.556
2025-03-29 16:21:26,29.31368467407227,39.295814514160156,53.556
2025-03-29 16:21:27,28.777405035400392,39.180885314941406,54.043
2025-03-29 16:21:28,29.491772631835936,39.200042724609375,53.069
2025-03-29 16:21:29,28.614592993164063,39.085113525390625,54.043
2025-03-29 16:21:30,29.21599485473633,39.23834991455078,53.556
2025-03-29 16:21:31,29.491772631835936,39.200042724609375,53.069
2025-03-29 16:21:32,29.085743923950197,39.1617317199707,53.556
2025-03-29 16:21:33,29.020615216064456,39.12342071533203,53.556
2025-03-29 16:21:34,28.58202539672852,39.065956115722656,54.043
2025-03-29 16:21:35,28.549464285278322,39.04680252075195,54.043
2025-03-29 16:21:36,28.922925396728516,39.065956115722656,53.556
2025-03-29 16:21:37,29.263825396728514,39.065956115722656,53.069
2025-03-29 16:21:38,28.890364285278324,39.04680252075195,53.556
2025-03-29 16:21:39,28.679715216064455,39.12342071533203,54.043
2025-03-29 16:21:40,28.451774465942385,38.98933792114258,54.043
2025-03-29 16:21:41,26.5844559387207,38.89356231689453,56.478
2025-03-29 16:21:42,26.40637446594238,38.98933792114258,56.965
2025-03-29 16:21:43,26.032913354492187,38.970184326171875,57.452
2025-03-29 16:21:44,25.935223535156254,38.9127197265625,57.452
2025-03-29 16:21:45,25.772405007934573,38.81694412231445,57.452
2025-03-29 16:21:46,26.61702353515625,38.9127197265625,56.478
2025-03-29 16:21:47,26.795105007934573,38.81694412231445,55.991
2025-03-29 16:21:48,26.421643896484376,38.79779052734375,56.478
2025-03-29 16:21:49,27.379215188598632,38.75947952270508,55.017
2025-03-29 16:21:50,26.712684619140628,38.56793212890625,55.504
2025-03-29 16:21:51,27.81780500793457,38.81694412231445,54.53
2025-03-29 16:21:52,28.126143896484376,38.79779052734375,54.043
2025-03-29 16:21:53,28.15870500793457,38.81694412231445,54.043
2025-03-29 16:21:54,27.687554077148437,38.740325927734375,54.53
2025-03-29 16:21:55,27.654986480712893,38.721168518066406,54.53
2025-03-29 16:21:56,28.271664257812503,38.682861328125,53.556
2025-03-29 16:21:57,28.840505007934567,38.81694412231445,53.069
2025-03-29 16:21:58,27.898196661376954,38.66370391845703,54.043
2025-03-29 16:21:59,28.564733715820317,38.855255126953125,53.556
2025-03-29 16:22:00,28.36935407714844,38.740325927734375,53.556
2025-03-29 16:22:01,28.336786480712895,38.721168518066406,53.556
2025-03-29 16:22:02,28.061015188598635,38.75947952270508,54.043
2025-03-29 16:22:03,28.336786480712895,38.721168518066406,53.556
2025-03-29 16:22:04,28.401915188598636,38.75947952270508,53.556
2025-03-29 16:22:05,28.499605007934573,38.81694412231445,53.556
2025-03-29 16:22:06,29.05115407714844,38.740325927734375,52.582
2025-03-29 16:22:07,29.05115407714844,38.740325927734375,52.582
2025-03-29 16:22:08,28.67768648071289,38.721168518066406,53.069
2025-03-29 16:22:09,28.9534642578125,38.682861328125,52.582
2025-03-29 16:22:10,28.36935407714844,38.740325927734375,53.556
2025-03-29 16:22:11,27.00575407714844,38.740325927734375,55.504
2025-03-29 16:22:12,28.02845407714844,38.740325927734375,54.043
2025-03-29 16:22:13,27.622425369262693,38.7020149230957,54.53
2025-03-29 16:22:14,27.898196661376954,38.66370391845703,54.043
2025-03-29 16:22:15,27.654986480712893,38.721168518066406,54.53
2025-03-29 16:22:16,28.304225369262696,38.7020149230957,53.556
2025-03-29 16:22:17,28.336786480712895,38.721168518066406,53.556
2025-03-29 16:22:18,27.654986480712893,38.721168518066406,54.53
2025-03-29 16:22:19,28.061015188598635,38.75947952270508,54.043
2025-03-29 16:22:20,28.206535549926762,38.64455032348633,53.556
2025-03-29 16:22:21,28.775376300048826,38.77863311767578,53.069
2025-03-29 16:22:22,27.557296661376952,38.66370391845703,54.53
2025-03-29 16:22:23,28.579996661376953,38.66370391845703,53.069
2025-03-29 16:22:25,27.800506842041017,38.606239318847656,54.043
2025-03-29 16:22:26,27.70281702270508,38.54877471923828,54.043
2025-03-29 16:22:27,28.07628461914063,38.56793212890625,53.556
2025-03-29 16:22:28,28.51487443847656,38.625396728515625,53.069
2025-03-29 16:22:29,29.131545730590823,38.58708572387695,52.095
2025-03-29 16:22:30,28.206535549926762,38.64455032348633,53.556
2025-03-29 16:22:31,27.5725725769043,38.47216033935547,54.043
2025-03-29 16:22:32,26.9080642578125,38.682861328125,55.504
2025-03-29 16:22:33,27.52473554992676,38.64455032348633,54.53
2025-03-29 16:22:34,27.42704573059082,38.58708572387695,54.53
2025-03-29 16:22:35,27.394484619140627,38.56793212890625,54.53
2025-03-29 16:22:36,27.913472576904297,38.47216033935547,53.556
2025-03-29 16:22:37,27.637694799804688,38.510467529296875,54.043
2025-03-29 16:22:38,28.51487443847656,38.625396728515625,53.069
2025-03-29 16:22:39,28.173974438476563,38.625396728515625,53.556
2025-03-29 16:22:40,27.97859479980469,38.510467529296875,53.556
2025-03-29 16:22:41,27.670255911254884,38.52962112426758,54.043
2025-03-29 16:22:42,28.07628461914063,38.56793212890625,53.556
2025-03-29 16:22:43,27.36191702270508,38.54877471923828,54.53
2025-03-29 16:22:44,27.913472576904297,38.47216033935547,53.556
2025-03-29 16:22:45,28.417184619140624,38.56793212890625,53.069
2025-03-29 16:22:46,28.108845730590822,38.58708572387695,53.556
2025-03-29 16:22:47,28.04371702270508,38.54877471923828,53.556
2025-03-29 16:22:48,28.206535549926762,38.64455032348633,53.556
2025-03-29 16:22:49,28.319494799804687,38.510467529296875,53.069
2025-03-29 16:22:50,28.35205591125488,38.52962112426758,53.069
2025-03-29 16:22:51,28.417184619140624,38.56793212890625,53.069
2025-03-29 16:22:52,27.76794573059082,38.58708572387695,54.043
2025-03-29 16:22:53,28.417184619140624,38.56793212890625,53.069
2025-03-29 16:22:54,28.011155911254885,38.52962112426758,53.556
2025-03-29 16:22:55,28.091547564697265,38.376380920410156,53.069
2025-03-29 16:22:56,28.189237384033202,38.43384552001953,53.069
2025-03-29 16:22:57,27.231672576904295,38.47216033935547,54.53
2025-03-29 16:22:58,28.871037384033205,38.43384552001953,52.095
2025-03-29 16:22:59,28.44974573059082,38.58708572387695,53.069
2025-03-29 16:23:00,29.033855911254882,38.52962112426758,52.095
2025-03-29 16:23:01,28.07628461914063,38.56793212890625,53.556
2025-03-29 16:23:02,28.725517022705077,38.54877471923828,52.582
2025-03-29 16:23:03,28.05899293823242,38.35723114013672,53.069
2025-03-29 16:23:04,28.83848275756836,38.414695739746094,52.095
2025-03-29 16:23:05,28.758084619140625,38.56793212890625,52.582
2025-03-29 16:23:06,28.319494799804687,38.510467529296875,53.069
2025-03-29 16:23:07,28.15668275756836,38.414695739746094,53.069
2025-03-29 16:23:08,28.254372576904295,38.47216033935547,53.069
2025-03-29 16:23:09,28.49758275756836,38.414695739746094,52.582
2025-03-29 16:23:10,28.35205591125488,38.52962112426758,53.069
2025-03-29 16:23:11,28.46501516113281,38.395538330078125,52.582
2025-03-29 16:23:12,27.815782757568364,38.414695739746094,53.556
2025-03-29 16:23:13,27.36191702270508,38.54877471923828,54.53
2025-03-29 16:23:14,27.718092938232424,38.35723114013672,53.556
2025-03-29 16:23:15,28.15668275756836,38.414695739746094,53.069
2025-03-29 16:23:16,28.05899293823242,38.35723114013672,53.069
2025-03-29 16:23:17,27.409747564697266,38.376380920410156,54.043
2025-03-29 16:23:18,27.750647564697267,38.376380920410156,53.556
2025-03-29 16:23:19,28.15668275756836,38.414695739746094,53.069
2025-03-29 16:23:20,27.65295774536133,38.31891632080078,53.556
2025-03-29 16:23:21,28.49758275756836,38.414695739746094,52.582
2025-03-29 16:23:22,28.124115161132814,38.395538330078125,53.069
2025-03-29 16:23:23,28.091547564697265,38.376380920410156,53.069
2025-03-29 16:23:24,28.221804980468747,38.4530029296875,53.069
2025-03-29 16:23:25,29.11424756469727,38.376380920410156,51.608
2025-03-29 16:23:26,28.091547564697265,38.376380920410156,53.069
2025-03-29 16:23:27,27.685525341796875,38.33807373046875,53.556
2025-03-29 16:23:28,27.848337384033208,38.43384552001953,53.556
2025-03-29 16:23:29,27.993857745361325,38.31891632080078,53.069
2025-03-29 16:23:30,27.815782757568364,38.414695739746094,53.556
2025-03-29 16:23:31,28.124115161132814,38.395538330078125,53.069
2025-03-29 16:23:32,27.993857745361325,38.31891632080078,53.069
2025-03-29 16:23:33,28.708225341796876,38.33807373046875,52.095
2025-03-29 16:23:34,28.675657745361327,38.31891632080078,52.095
2025-03-29 16:23:35,27.913472576904297,38.47216033935547,53.556
2025-03-29 16:23:36,28.124115161132814,38.395538330078125,53.069
2025-03-29 16:23:37,28.90360498046875,38.4530029296875,52.095
2025-03-29 16:23:38,29.2770725769043,38.47216033935547,51.608
2025-03-29 16:23:39,28.011155911254885,38.52962112426758,53.556
2025-03-29 16:23:40,28.871037384033205,38.43384552001953,52.095
2025-03-29 16:23:41,27.377192938232422,38.35723114013672,54.043
2025-03-29 16:23:42,28.15668275756836,38.414695739746094,53.069
2025-03-29 16:23:43,28.28692720336914,38.491310119628906,53.069
2025-03-29 16:23:44,28.482306842041012,38.606239318847656,53.069
2025-03-29 16:23:45,29.196674438476563,38.625396728515625,52.095
2025-03-29 16:23:46,28.595272576904296,38.47216033935547,52.582
2025-03-29 16:23:47,28.44974573059082,38.58708572387695,53.069
2025-03-29 16:23:48,28.645125369262693,38.7020149230957,53.069
2025-03-29 16:23:49,29.326925369262696,38.7020149230957,52.095
2025-03-29 16:23:50,28.141406842041018,38.606239318847656,53.556
2025-03-29 16:23:51,27.880904980468753,38.4530029296875,53.556
2025-03-29 16:23:52,29.40731702270508,38.54877471923828,51.608
2025-03-29 16:23:53,28.38461702270508,38.54877471923828,53.069
2025-03-29 16:23:54,28.38461702270508,38.54877471923828,53.069
2025-03-29 16:23:55,28.35205591125488,38.52962112426758,53.069
2025-03-29 16:23:56,28.96872720336914,38.491310119628906,52.095
2025-03-29 16:23:57,28.758084619140625,38.56793212890625,52.582
2025-03-29 16:23:58,28.758084619140625,38.56793212890625,52.582
2025-03-29 16:23:59,28.79064573059082,38.58708572387695,52.582
2025-03-29 16:24:00,28.986025369262695,38.7020149230957,52.582
2025-03-29 16:24:01,28.38461702270508,38.54877471923828,53.069
2025-03-29 16:24:02,28.49758275756836,38.414695739746094,52.582
2025-03-29 16:24:03,28.417184619140624,38.56793212890625,53.069
2025-03-29 16:24:04,28.805915161132816,38.395538330078125,52.095
2025-03-29 16:24:05,28.66039479980469,38.510467529296875,52.582
2025-03-29 16:24:06,28.221804980468747,38.4530029296875,53.069
2025-03-29 16:24:07,28.124115161132814,38.395538330078125,53.069
2025-03-29 16:24:08,29.34219479980469,38.510467529296875,51.608
2025-03-29 16:24:09,28.805915161132816,38.395538330078125,52.095
2025-03-29 16:24:10,28.83848275756836,38.414695739746094,52.095
2025-03-29 16:24:11,27.637694799804688,38.510467529296875,54.043
2025-03-29 16:24:12,28.66039479980469,38.510467529296875,52.582
2025-03-29 16:24:13,28.49758275756836,38.414695739746094,52.582
2025-03-29 16:24:14,28.33475774536133,38.31891632080078,52.582
2025-03-29 16:24:15,28.124115161132814,38.395538330078125,53.069
2025-03-29 16:24:16,27.637694799804688,38.510467529296875,54.043
2025-03-29 16:24:17,28.07628461914063,38.56793212890625,53.556
2025-03-29 16:24:18,27.880904980468753,38.4530029296875,53.556
2025-03-29 16:24:19,28.692955911254884,38.52962112426758,52.582
2025-03-29 16:24:20,27.97859479980469,38.510467529296875,53.556
2025-03-29 16:24:21,28.254372576904295,38.47216033935547,53.069
2025-03-29 16:24:22,28.595272576904296,38.47216033935547,52.582
2025-03-29 16:24:23,28.124115161132814,38.395538330078125,53.069
2025-03-29 16:24:24,27.47488275756836,38.414695739746094,54.043
2025-03-29 16:24:25,28.62782720336914,38.491310119628906,52.582
2025-03-29 16:24:26,27.685525341796875,38.33807373046875,53.556
2025-03-29 16:24:27,27.993857745361325,38.31891632080078,53.069
2025-03-29 16:24:28,28.805915161132816,38.395538330078125,52.095
2025-03-29 16:24:29,27.718092938232424,38.35723114013672,53.556
2025-03-29 16:24:30,27.587835522460942,38.280609130859375,53.556
2025-03-29 16:24:31,27.620403118896487,38.299766540527344,53.556
2025-03-29 16:24:32,27.377192938232422,38.35723114013672,54.043
2025-03-29 16:24:33,28.204513299560546,38.24230194091797,52.582
2025-03-29 16:24:34,27.798484591674804,38.2039909362793,53.069
2025-03-29 16:24:35,27.96130311889648,38.299766540527344,53.069
2025-03-29 16:24:36,27.587835522460942,38.280609130859375,53.556
2025-03-29 16:24:37,27.765923480224608,38.184837341308594,53.069
2025-03-29 16:24:38,28.026425341796873,38.33807373046875,53.069
2025-03-29 16:24:39,27.831045703125,38.22314453125,53.069
2025-03-29 16:24:40,27.993857745361325,38.31891632080078,53.069
2025-03-29 16:24:41,28.367325341796874,38.33807373046875,52.582
2025-03-29 16:24:42,27.993857745361325,38.31891632080078,53.069
2025-03-29 16:24:43,28.026425341796873,38.33807373046875,53.069
2025-03-29 16:24:44,28.124115161132814,38.395538330078125,53.069
2025-03-29 16:24:45,27.587835522460942,38.280609130859375,53.556
2025-03-29 16:24:46,27.815782757568364,38.414695739746094,53.556
2025-03-29 16:24:47,27.89616792602539,38.261451721191406,53.069
2025-03-29 16:24:48,27.928735522460936,38.280609130859375,53.069
2025-03-29 16:24:49,28.074255883789064,38.165679931640625,52.582
2025-03-29 16:24:50,27.45758459167481,38.2039909362793,53.556
2025-03-29 16:24:51,27.490145703125002,38.22314453125,53.556
2025-03-29 16:24:52,28.28490495300293,38.08906173706055,52.095
2025-03-29 16:24:53,28.10682348022461,38.184837341308594,52.582
2025-03-29 16:24:54,27.798484591674804,38.2039909362793,53.069
2025-03-29 16:24:55,27.587835522460942,38.280609130859375,53.556
2025-03-29 16:24:56,27.490145703125002,38.22314453125,53.556
2025-03-29 16:24:57,26.98643366088867,38.12737274169922,54.043
2025-03-29 16:24:58,26.823615133666994,38.03159713745117,54.043
2025-03-29 16:24:59,27.66823366088867,38.12737274169922,53.069
2025-03-29 16:25:00,27.229643841552736,38.069908142089844,53.556
2025-03-29 16:25:01,27.327333660888677,38.12737274169922,53.556
2025-03-29 16:25:02,27.099386425781255,37.9932861328125,53.556
2025-03-29 16:25:03,27.35989477233887,38.14652633666992,53.556
2025-03-29 16:25:04,27.45758459167481,38.2039909362793,53.556
2025-03-29 16:25:05,27.587835522460942,38.280609130859375,53.556
2025-03-29 16:25:06,27.700794772338867,38.14652633666992,53.069
2025-03-29 16:25:07,28.154654022216796,38.01244354248047,52.095
2025-03-29 16:25:08,27.35989477233887,38.14652633666992,53.556
2025-03-29 16:25:09,27.700794772338867,38.14652633666992,53.069
2025-03-29 16:25:10,27.635666064453126,38.10821533203125,53.069
2025-03-29 16:25:11,26.953866064453127,38.10821533203125,54.043
2025-03-29 16:25:12,27.229643841552736,38.069908142089844,53.556
2025-03-29 16:25:13,26.823615133666994,38.03159713745117,54.043
2025-03-29 16:25:14,27.197076245117188,38.050750732421875,53.556
2025-03-29 16:25:15,27.262204953002932,38.08906173706055,53.556
2025-03-29 16:25:16,27.197076245117188,38.050750732421875,53.556
2025-03-29 16:25:17,27.45758459167481,38.2039909362793,53.556
2025-03-29 16:25:18,27.73335588378906,38.165679931640625,53.069
2025-03-29 16:25:19,27.42502348022461,38.184837341308594,53.556
2025-03-29 16:25:20,27.863613299560548,38.24230194091797,53.069
2025-03-29 16:25:21,27.555267926025394,38.261451721191406,53.556
2025-03-29 16:25:22,28.33475774536133,38.31891632080078,52.582
2025-03-29 16:25:23,27.718092938232424,38.35723114013672,53.556
2025-03-29 16:25:24,27.798484591674804,38.2039909362793,53.069
2025-03-29 16:25:25,28.367325341796874,38.33807373046875,52.582
2025-03-29 16:25:26,27.490145703125002,38.22314453125,53.556
2025-03-29 16:25:27,27.214367926025393,38.261451721191406,54.043
2025-03-29 16:25:28,28.026425341796873,38.33807373046875,53.069
2025-03-29 16:25:29,27.928735522460936,38.280609130859375,53.069
2025-03-29 16:25:30,28.05899293823242,38.35723114013672,53.069
2025-03-29 16:25:31,27.587835522460942,38.280609130859375,53.556
2025-03-29 16:25:32,28.33475774536133,38.31891632080078,52.582
2025-03-29 16:25:33,27.42502348022461,38.184837341308594,53.556
2025-03-29 16:25:34,28.33475774536133,38.31891632080078,52.582
2025-03-29 16:25:35,28.90360498046875,38.4530029296875,52.095
2025-03-29 16:25:36,28.432447564697267,38.376380920410156,52.582
2025-03-29 16:25:37,28.171945703125,38.22314453125,52.582
2025-03-29 16:25:38,27.993857745361325,38.31891632080078,53.069
2025-03-29 16:25:39,28.530137384033203,38.43384552001953,52.582
2025-03-29 16:25:40,28.23706792602539,38.261451721191406,52.582
2025-03-29 16:25:41,27.620403118896487,38.299766540527344,53.556
2025-03-29 16:25:42,28.05899293823242,38.35723114013672,53.069
2025-03-29 16:25:43,28.026425341796873,38.33807373046875,53.069
2025-03-29 16:25:44,27.993857745361325,38.31891632080078,53.069
2025-03-29 16:25:45,28.139384591674805,38.2039909362793,52.582
2025-03-29 16:25:46,27.96130311889648,38.299766540527344,53.069
2025-03-29 16:25:47,28.269635522460938,38.280609130859375,52.582
2025-03-29 16:25:48,28.269635522460938,38.280609130859375,52.582
2025-03-29 16:25:49,28.171945703125,38.22314453125,52.582
2025-03-29 16:25:50,28.05899293823242,38.35723114013672,53.069
2025-03-29 16:25:51,27.993857745361325,38.31891632080078,53.069
2025-03-29 16:25:52,28.171945703125,38.22314453125,52.582
2025-03-29 16:25:53,27.928735522460936,38.280609130859375,53.069
2025-03-29 16:25:54,28.367325341796874,38.33807373046875,52.582
2025-03-29 16:25:55,27.377192938232422,38.35723114013672,54.043
2025-03-29 16:25:56,27.783215161132816,38.395538330078125,53.556
2025-03-29 16:25:57,27.831045703125,38.22314453125,53.069
2025-03-29 16:25:58,27.587835522460942,38.280609130859375,53.556
2025-03-29 16:25:59,28.367325341796874,38.33807373046875,52.582
2025-03-29 16:26:00,27.587835522460942,38.280609130859375,53.556
2025-03-29 16:26:01,27.570543841552734,38.069908142089844,53.069
2025-03-29 16:26:02,27.700794772338867,38.14652633666992,53.069
2025-03-29 16:26:03,28.171945703125,38.22314453125,52.582
2025-03-29 16:26:04,28.074255883789064,38.165679931640625,52.582
2025-03-29 16:26:05,27.45758459167481,38.2039909362793,53.556
2025-03-29 16:26:06,27.73335588378906,38.165679931640625,53.069
2025-03-29 16:26:07,28.480284591674806,38.2039909362793,52.095
2025-03-29 16:26:08,28.38259477233887,38.14652633666992,52.095
2025-03-29 16:26:09,28.204513299560546,38.24230194091797,52.582
2025-03-29 16:26:10,28.367325341796874,38.33807373046875,52.582
2025-03-29 16:26:11,27.831045703125,38.22314453125,53.069
2025-03-29 16:26:12,27.831045703125,38.22314453125,53.069
2025-03-29 16:26:13,27.66823366088867,38.12737274169922,53.069
2025-03-29 16:26:14,28.171945703125,38.22314453125,52.582
2025-03-29 16:26:15,28.302203118896486,38.299766540527344,52.582
2025-03-29 16:26:16,27.976566064453124,38.10821533203125,52.582
2025-03-29 16:26:17,27.831045703125,38.22314453125,53.069
2025-03-29 16:26:18,28.33475774536133,38.31891632080078,52.582
2025-03-29 16:26:19,28.026425341796873,38.33807373046875,53.069
2025-03-29 16:26:20,28.05899293823242,38.35723114013672,53.069
2025-03-29 16:26:21,28.33475774536133,38.31891632080078,52.582
2025-03-29 16:26:22,27.928735522460936,38.280609130859375,53.069
2025-03-29 16:26:23,28.269635522460938,38.280609130859375,52.582
2025-03-29 16:26:24,28.512845703125002,38.22314453125,52.095
2025-03-29 16:26:25,27.928735522460936,38.280609130859375,53.069
2025-03-29 16:26:26,28.302203118896486,38.299766540527344,52.582
2025-03-29 16:26:27,27.89616792602539,38.261451721191406,53.069
2025-03-29 16:26:28,27.490145703125002,38.22314453125,53.556
2025-03-29 16:26:29,27.149245703125,38.22314453125,54.043
2025-03-29 16:26:30,27.798484591674804,38.2039909362793,53.069
2025-03-29 16:26:31,27.327333660888677,38.12737274169922,53.556
2025-03-29 16:26:32,27.765923480224608,38.184837341308594,53.069
2025-03-29 16:26:33,27.635666064453126,38.10821533203125,53.069
2025-03-29 16:26:34,27.700794772338867,38.14652633666992,53.069
2025-03-29 16:26:35,28.10682348022461,38.184837341308594,52.582
2025-03-29 16:26:36,27.89616792602539,38.261451721191406,53.069
2025-03-29 16:26:37,28.139384591674805,38.2039909362793,52.582
2025-03-29 16:26:38,28.074255883789064,38.165679931640625,52.582
2025-03-29 16:26:40,28.415155883789062,38.165679931640625,52.095
2025-03-29 16:26:41,27.928735522460936,38.280609130859375,53.069
2025-03-29 16:26:42,26.597703118896483,38.299766540527344,55.017
2025-03-29 16:26:43,26.028855883789063,38.165679931640625,55.504
2025-03-29 16:26:44,25.16694567565918,37.85920333862305,55.991
2025-03-29 16:26:45,26.23950495300293,38.08906173706055,55.017
2025-03-29 16:26:46,26.710655883789062,38.165679931640625,54.53
2025-03-29 16:26:47,26.743223480224607,38.184837341308594,54.53
2025-03-29 16:26:48,26.434884591674802,38.2039909362793,55.017
2025-03-29 16:26:49,26.06142348022461,38.184837341308594,55.504
2025-03-29 16:26:50,26.272066064453124,38.10821533203125,55.017
2025-03-29 16:26:51,27.45758459167481,38.2039909362793,53.556
2025-03-29 16:26:52,26.98643366088867,38.12737274169922,54.043
2025-03-29 16:26:53,27.099386425781255,37.9932861328125,53.556
2025-03-29 16:26:54,27.96130311889648,38.299766540527344,53.069
2025-03-29 16:26:55,27.45758459167481,38.2039909362793,53.556
2025-03-29 16:26:56,27.45758459167481,38.2039909362793,53.556
2025-03-29 16:26:57,27.392455883789065,38.165679931640625,53.556
2025-03-29 16:26:58,27.89616792602539,38.261451721191406,53.069
2025-03-29 16:26:59,28.05899293823242,38.35723114013672,53.069
2025-03-29 16:27:00,28.33475774536133,38.31891632080078,52.582
2025-03-29 16:27:01,28.139384591674805,38.2039909362793,52.582
2025-03-29 16:27:02,28.269635522460938,38.280609130859375,52.582
2025-03-29 16:27:03,27.587835522460942,38.280609130859375,53.556
2025-03-29 16:27:04,28.33475774536133,38.31891632080078,52.582
2025-03-29 16:27:05,27.96130311889648,38.299766540527344,53.069
2025-03-29 16:27:06,27.993857745361325,38.31891632080078,53.069
2025-03-29 16:27:07,27.555267926025394,38.261451721191406,53.556
2025-03-29 16:27:08,27.89616792602539,38.261451721191406,53.069
2025-03-29 16:27:09,27.96130311889648,38.299766540527344,53.069
2025-03-29 16:27:10,27.35989477233887,38.14652633666992,53.556
2025-03-29 16:27:11,28.33475774536133,38.31891632080078,52.582
2025-03-29 16:27:12,28.44772348022461,38.184837341308594,52.095
2025-03-29 16:27:13,28.643103118896484,38.299766540527344,52.095
2025-03-29 16:27:14,27.42502348022461,38.184837341308594,53.556
2025-03-29 16:27:15,27.863613299560548,38.24230194091797,53.069
2025-03-29 16:27:16,27.993857745361325,38.31891632080078,53.069
2025-03-29 16:27:17,26.971157745361328,38.31891632080078,54.53
2025-03-29 16:27:18,27.409747564697266,38.376380920410156,54.043
2025-03-29 16:27:19,28.62782720336914,38.491310119628906,52.582
2025-03-29 16:27:20,28.124115161132814,38.395538330078125,53.069
2025-03-29 16:27:21,27.89616792602539,38.261451721191406,53.069
2025-03-29 16:27:22,28.026425341796873,38.33807373046875,53.069
2025-03-29 16:27:23,27.96130311889648,38.299766540527344,53.069
2025-03-29 16:27:24,27.993857745361325,38.31891632080078,53.069
2025-03-29 16:27:25,27.750647564697267,38.376380920410156,53.556
2025-03-29 16:27:26,29.081692938232425,38.35723114013672,51.608
2025-03-29 16:27:27,28.23706792602539,38.261451721191406,52.582
2025-03-29 16:27:28,28.302203118896486,38.299766540527344,52.582
2025-03-29 16:27:29,27.89616792602539,38.261451721191406,53.069
2025-03-29 16:27:30,27.65295774536133,38.31891632080078,53.556
2025-03-29 16:27:31,27.31205774536133,38.31891632080078,54.043
2025-03-29 16:27:32,26.743223480224607,38.184837341308594,54.53
2025-03-29 16:27:33,27.45758459167481,38.2039909362793,53.556
2025-03-29 16:27:34,27.73335588378906,38.165679931640625,53.069
2025-03-29 16:27:35,27.52271329956055,38.24230194091797,53.556
2025-03-29 16:27:36,28.009133660888672,38.12737274169922,52.582
2025-03-29 16:27:37,28.367325341796874,38.33807373046875,52.582
2025-03-29 16:27:38,27.765923480224608,38.184837341308594,53.069
2025-03-29 16:27:39,27.863613299560548,38.24230194091797,53.069
2025-03-29 16:27:40,27.45758459167481,38.2039909362793,53.556
2025-03-29 16:27:41,28.009133660888672,38.12737274169922,52.582
2025-03-29 16:27:42,27.42502348022461,38.184837341308594,53.556
2025-03-29 16:27:43,27.570543841552734,38.069908142089844,53.069
2025-03-29 16:27:44,28.593243841552738,38.069908142089844,51.608
2025-03-29 16:27:45,27.8137540222168,38.01244354248047,52.582
2025-03-29 16:27:46,27.537976245117186,38.050750732421875,53.069
2025-03-29 16:27:47,27.310035494995116,37.91666793823242,53.069
2025-03-29 16:27:48,27.099386425781255,37.9932861328125,53.556
2025-03-29 16:27:49,27.78118642578125,37.9932861328125,52.582
2025-03-29 16:27:50,28.608506787109373,37.87835693359375,51.121
2025-03-29 16:27:51,28.365296606445316,37.935821533203125,51.608
2025-03-29 16:27:52,27.342596606445312,37.935821533203125,53.069
2025-03-29 16:27:53,27.926706787109374,37.87835693359375,52.095
2025-03-29 16:27:54,27.179784564208983,37.840049743652344,53.069
2025-03-29 16:27:55,28.056964202880863,37.954978942871094,52.095
2025-03-29 16:27:56,28.187215133666996,38.03159713745117,52.095
2025-03-29 16:27:57,27.94400495300293,38.08906173706055,52.582
2025-03-29 16:27:58,27.748625314331054,37.9741325378418,52.582
2025-03-29 16:27:59,27.8137540222168,38.01244354248047,52.582
2025-03-29 16:28:00,28.4955540222168,38.01244354248047,51.608
2025-03-29 16:28:01,27.034264202880863,37.954978942871094,53.556
2025-03-29 16:28:02,27.748625314331054,37.9741325378418,52.582
2025-03-29 16:28:03,27.310035494995116,37.91666793823242,53.069
2025-03-29 16:28:04,27.55324567565918,37.85920333862305,52.582
2025-03-29 16:28:05,28.072227148437502,37.763427734375,51.608
2025-03-29 16:28:06,28.300174383544924,37.89751434326172,51.608
2025-03-29 16:28:07,27.37516420288086,37.954978942871094,53.069
2025-03-29 16:28:08,26.904006787109378,37.87835693359375,53.556
2025-03-29 16:28:09,27.7313271484375,37.763427734375,52.095
2025-03-29 16:28:10,27.55324567565918,37.85920333862305,52.582
2025-03-29 16:28:11,27.683496606445313,37.935821533203125,52.582
2025-03-29 16:28:12,28.430425314331057,37.9741325378418,51.608
2025-03-29 16:28:13,27.78118642578125,37.9932861328125,52.582
2025-03-29 16:28:14,27.179784564208983,37.840049743652344,53.069
2025-03-29 16:28:15,28.26760678710938,37.87835693359375,51.608
2025-03-29 16:28:16,28.10479474487305,37.78258514404297,51.608
2025-03-29 16:28:17,27.55324567565918,37.85920333862305,52.582
2025-03-29 16:28:18,28.771325314331055,37.9741325378418,51.121
2025-03-29 16:28:19,27.926706787109374,37.87835693359375,52.095
2025-03-29 16:28:20,28.12208642578125,37.9932861328125,52.095
2025-03-29 16:28:21,28.089525314331055,37.9741325378418,52.095
2025-03-29 16:28:22,28.4955540222168,38.01244354248047,51.608
2025-03-29 16:28:23,27.407725314331053,37.9741325378418,53.069
2025-03-29 16:28:24,27.911443841552735,38.069908142089844,52.582
2025-03-29 16:28:25,28.12208642578125,37.9932861328125,52.095
2025-03-29 16:28:26,28.31746606445313,38.10821533203125,52.095
2025-03-29 16:28:27,27.78118642578125,37.9932861328125,52.582
2025-03-29 16:28:28,27.716064202880858,37.954978942871094,52.582
2025-03-29 16:28:29,27.748625314331054,37.9741325378418,52.582
2025-03-29 16:28:30,27.8137540222168,38.01244354248047,52.582
2025-03-29 16:28:31,27.94400495300293,38.08906173706055,52.582
2025-03-29 16:28:32,27.29476606445313,38.10821533203125,53.556
2025-03-29 16:28:33,28.009133660888672,38.12737274169922,52.582
2025-03-29 16:28:34,28.074255883789064,38.165679931640625,52.582
2025-03-29 16:28:35,28.415155883789062,38.165679931640625,52.095
2025-03-29 16:28:36,28.625804953002934,38.08906173706055,51.608
2025-03-29 16:28:37,28.21977624511719,38.050750732421875,52.095
2025-03-29 16:28:38,28.187215133666996,38.03159713745117,52.095
2025-03-29 16:28:39,27.37516420288086,37.954978942871094,53.069
2025-03-29 16:28:40,28.21977624511719,38.050750732421875,52.095
2025-03-29 16:28:41,27.78118642578125,37.9932861328125,52.582
2025-03-29 16:28:42,27.082094744873046,37.78258514404297,53.069
2025-03-29 16:28:43,28.187215133666996,38.03159713745117,52.095
2025-03-29 16:28:44,27.27747438354492,37.89751434326172,53.069
2025-03-29 16:28:45,27.78118642578125,37.9932861328125,52.582
2025-03-29 16:28:46,28.056964202880863,37.954978942871094,52.095
2025-03-29 16:28:47,27.911443841552735,38.069908142089844,52.582
2025-03-29 16:28:48,27.292737329101563,37.705963134765625,52.582
2025-03-29 16:28:49,27.79645585632324,37.80173873901367,52.095
2025-03-29 16:28:50,27.926706787109374,37.87835693359375,52.095
2025-03-29 16:28:51,27.61837438354492,37.89751434326172,52.582
2025-03-29 16:28:52,27.69876603698731,37.7442741394043,52.095
2025-03-29 16:28:53,27.82901696777344,37.820892333984375,52.095
2025-03-29 16:28:54,27.1319540222168,38.01244354248047,53.556
2025-03-29 16:28:55,27.585806787109377,37.87835693359375,52.582
2025-03-29 16:28:56,26.936574383544922,37.89751434326172,53.556
2025-03-29 16:28:57,27.748625314331054,37.9741325378418,52.582
2025-03-29 16:28:58,27.650935494995117,37.91666793823242,52.582
2025-03-29 16:28:59,27.310035494995116,37.91666793823242,53.069
2025-03-29 16:29:00,27.585806787109377,37.87835693359375,52.582
2025-03-29 16:29:01,27.748625314331054,37.9741325378418,52.582
2025-03-29 16:29:02,28.252343841552737,38.069908142089844,52.095
2025-03-29 16:29:03,28.462986425781253,37.9932861328125,51.608
2025-03-29 16:29:04,27.37516420288086,37.954978942871094,53.069
2025-03-29 16:29:05,27.24490678710937,37.87835693359375,53.069
2025-03-29 16:29:06,28.089525314331055,37.9741325378418,52.095
2025-03-29 16:29:07,27.878876245117187,38.050750732421875,52.582
2025-03-29 16:29:08,27.61837438354492,37.89751434326172,52.582
2025-03-29 16:29:09,27.407725314331053,37.9741325378418,53.069
2025-03-29 16:29:10,28.089525314331055,37.9741325378418,52.095
2025-03-29 16:29:11,27.24490678710937,37.87835693359375,53.069
2025-03-29 16:29:12,27.55324567565918,37.85920333862305,52.582
2025-03-29 16:29:13,28.154654022216796,38.01244354248047,52.095
2025-03-29 16:29:14,27.8137540222168,38.01244354248047,52.582
2025-03-29 16:29:15,27.716064202880858,37.954978942871094,52.582
2025-03-29 16:29:16,27.650935494995117,37.91666793823242,52.582
2025-03-29 16:29:17,27.683496606445313,37.935821533203125,52.582
2025-03-29 16:29:18,27.959274383544923,37.89751434326172,52.095
2025-03-29 16:29:19,28.10479474487305,37.78258514404297,51.608
2025-03-29 16:29:20,27.099386425781255,37.9932861328125,53.556
2025-03-29 16:29:21,28.154654022216796,38.01244354248047,52.095
2025-03-29 16:29:22,27.716064202880858,37.954978942871094,52.582
2025-03-29 16:29:23,28.39786420288086,37.954978942871094,51.608
2025-03-29 16:29:24,27.716064202880858,37.954978942871094,52.582
2025-03-29 16:29:25,27.894145675659182,37.85920333862305,52.095
2025-03-29 16:29:26,27.505415133666993,38.03159713745117,53.069
2025-03-29 16:29:27,28.187215133666996,38.03159713745117,52.095
2025-03-29 16:29:28,27.505415133666993,38.03159713745117,53.069
2025-03-29 16:29:29,27.82901696777344,37.820892333984375,52.095
2025-03-29 16:29:30,27.894145675659182,37.85920333862305,52.095
2025-03-29 16:29:31,27.7313271484375,37.763427734375,52.095
2025-03-29 16:29:32,27.926706787109374,37.87835693359375,52.095
2025-03-29 16:29:33,27.82901696777344,37.820892333984375,52.095
2025-03-29 16:29:34,27.55324567565918,37.85920333862305,52.582
2025-03-29 16:29:35,28.575945675659177,37.85920333862305,51.121
2025-03-29 16:29:36,27.179784564208983,37.840049743652344,53.069
2025-03-29 16:29:37,28.137355856323246,37.80173873901367,51.608
2025-03-29 16:29:38,27.195047509765626,37.64849853515625,52.582
2025-03-29 16:29:39,27.601076217651368,37.68680953979492,52.095
2025-03-29 16:29:40,27.455555856323244,37.80173873901367,52.582
2025-03-29 16:29:41,27.69876603698731,37.7442741394043,52.095
2025-03-29 16:29:42,28.543384564208985,37.840049743652344,51.121
2025-03-29 16:29:43,28.072227148437502,37.763427734375,51.608
2025-03-29 16:29:44,27.470825286865235,37.610191345214844,52.095
2025-03-29 16:29:45,27.66620492553711,37.725120544433594,52.095
2025-03-29 16:29:46,28.072227148437502,37.763427734375,51.608
2025-03-29 16:29:47,27.3904271484375,37.763427734375,52.582
2025-03-29 16:29:48,28.007104925537114,37.725120544433594,51.608
2025-03-29 16:29:49,27.601076217651368,37.68680953979492,52.095
2025-03-29 16:29:50,27.87684750976563,37.64849853515625,51.608
2025-03-29 16:29:51,28.08749657897949,37.57188034057617,51.121
2025-03-29 16:29:52,27.76389474487305,37.78258514404297,52.095
2025-03-29 16:29:53,28.039666036987306,37.7442741394043,51.608
2025-03-29 16:29:54,28.300174383544924,37.89751434326172,51.608
2025-03-29 16:29:55,27.568515106201176,37.66765594482422,52.095
2025-03-29 16:29:56,27.909415106201173,37.66765594482422,51.608
2025-03-29 16:29:57,28.445694744873045,37.78258514404297,51.121
2025-03-29 16:29:58,27.260176217651367,37.68680953979492,52.582
2025-03-29 16:29:59,28.10479474487305,37.78258514404297,51.608
2025-03-29 16:30:00,27.488116967773436,37.820892333984375,52.582
2025-03-29 16:30:01,28.16991696777344,37.820892333984375,51.608
2025-03-29 16:30:02,26.82158639831543,37.62934494018555,53.069
2025-03-29 16:30:03,27.09735769042969,37.591033935546875,52.582
2025-03-29 16:30:04,27.69876603698731,37.7442741394043,52.095
2025-03-29 16:30:05,27.82901696777344,37.820892333984375,52.095
2025-03-29 16:30:06,28.47825585632324,37.80173873901367,51.121
2025-03-29 16:30:07,27.844286398315433,37.62934494018555,51.608
2025-03-29 16:30:08,27.811725286865236,37.610191345214844,51.608
2025-03-29 16:30:09,27.22761510620117,37.66765594482422,52.582
2025-03-29 16:30:10,27.3904271484375,37.763427734375,52.582
2025-03-29 16:30:11,27.535947509765627,37.64849853515625,52.095
2025-03-29 16:30:12,27.94197621765137,37.68680953979492,51.608
2025-03-29 16:30:13,27.16248639831543,37.62934494018555,52.582
2025-03-29 16:30:14,27.308006759643554,37.5144157409668,52.095
2025-03-29 16:30:15,27.7140354675293,37.55272674560547,51.608
2025-03-29 16:30:16,27.82901696777344,37.820892333984375,52.095
2025-03-29 16:30:17,28.16991696777344,37.820892333984375,51.608
2025-03-29 16:30:18,27.455555856323244,37.80173873901367,52.582
2025-03-29 16:30:19,27.292737329101563,37.705963134765625,52.582
2025-03-29 16:30:20,27.601076217651368,37.68680953979492,52.095
2025-03-29 16:30:21,28.445694744873045,37.78258514404297,51.121
2025-03-29 16:30:22,28.819155856323242,37.80173873901367,50.634
2025-03-29 16:30:23,27.959274383544923,37.89751434326172,52.095
2025-03-29 16:30:24,28.072227148437502,37.763427734375,51.608
2025-03-29 16:30:25,27.959274383544923,37.89751434326172,52.095
2025-03-29 16:30:26,28.365296606445316,37.935821533203125,51.608
2025-03-29 16:30:27,27.926706787109374,37.87835693359375,52.095
2025-03-29 16:30:28,27.99183549499512,37.91666793823242,52.095
2025-03-29 16:30:29,27.79645585632324,37.80173873901367,52.095
2025-03-29 16:30:30,28.33273549499512,37.91666793823242,51.608
2025-03-29 16:30:31,28.056964202880863,37.954978942871094,52.095
2025-03-29 16:30:32,28.4131271484375,37.763427734375,51.121
2025-03-29 16:30:33,27.76389474487305,37.78258514404297,52.095
2025-03-29 16:30:34,27.455555856323244,37.80173873901367,52.582
2025-03-29 16:30:35,26.87144567565918,37.85920333862305,53.556
2025-03-29 16:30:36,27.585806787109377,37.87835693359375,52.582
2025-03-29 16:30:37,27.861584564208986,37.840049743652344,52.095
2025-03-29 16:30:38,27.79645585632324,37.80173873901367,52.095
2025-03-29 16:30:39,27.7313271484375,37.763427734375,52.095
2025-03-29 16:30:40,27.926706787109374,37.87835693359375,52.095
2025-03-29 16:30:41,28.10479474487305,37.78258514404297,51.608
2025-03-29 16:30:43,27.959274383544923,37.89751434326172,52.095
2025-03-29 16:30:44,28.187215133666996,38.03159713745117,52.095
2025-03-29 16:30:45,27.959274383544923,37.89751434326172,52.095
2025-03-29 16:30:46,27.926706787109374,37.87835693359375,52.095
2025-03-29 16:30:47,28.202484564208987,37.840049743652344,51.608
2025-03-29 16:30:48,27.61837438354492,37.89751434326172,52.582
2025-03-29 16:30:49,28.771325314331055,37.9741325378418,51.121
2025-03-29 16:30:50,28.137355856323246,37.80173873901367,51.608
2025-03-29 16:30:51,28.348004925537108,37.725120544433594,51.121
2025-03-29 16:30:52,27.32530492553711,37.725120544433594,52.582
2025-03-29 16:30:53,28.510816967773437,37.820892333984375,51.121
2025-03-29 16:30:54,28.33273549499512,37.91666793823242,51.608
2025-03-29 16:30:55,27.79645585632324,37.80173873901367,52.095
2025-03-29 16:30:56,27.894145675659182,37.85920333862305,52.095
2025-03-29 16:30:57,28.445694744873045,37.78258514404297,51.121
2025-03-29 16:30:58,28.072227148437502,37.763427734375,51.608
2025-03-29 16:30:59,27.69876603698731,37.7442741394043,52.095
2025-03-29 16:31:00,27.455555856323244,37.80173873901367,52.582
2025-03-29 16:31:01,27.016966036987306,37.7442741394043,53.069
2025-03-29 16:31:02,27.32530492553711,37.725120544433594,52.582
2025-03-29 16:31:03,27.16248639831543,37.62934494018555,52.582
2025-03-29 16:31:04,27.195047509765626,37.64849853515625,52.582
2025-03-29 16:31:05,27.601076217651368,37.68680953979492,52.095
2025-03-29 16:31:06,27.94197621765137,37.68680953979492,51.608
2025-03-29 16:31:07,27.438257690429687,37.591033935546875,52.095
2025-03-29 16:31:08,27.09735769042969,37.591033935546875,52.582
2025-03-29 16:31:09,27.633637329101564,37.705963134765625,52.095
2025-03-29 16:31:10,26.82158639831543,37.62934494018555,53.069
2025-03-29 16:31:11,27.601076217651368,37.68680953979492,52.095
2025-03-29 16:31:12,28.217747509765623,37.64849853515625,51.121
2025-03-29 16:31:13,27.405696578979494,37.57188034057617,52.095
2025-03-29 16:31:14,27.909415106201173,37.66765594482422,51.608
2025-03-29 16:31:15,27.22761510620117,37.66765594482422,52.582
2025-03-29 16:31:16,27.77915769042969,37.591033935546875,51.608
2025-03-29 16:31:17,28.054935467529297,37.55272674560547,51.121
2025-03-29 16:31:18,28.152625286865234,37.610191345214844,51.121
2025-03-29 16:31:19,26.804294717407227,37.418643951416016,52.582
2025-03-29 16:31:20,27.55121694030762,37.45695114135742,51.608
2025-03-29 16:31:21,27.420966009521486,37.380332946777344,51.608
2025-03-29 16:31:22,27.746596578979496,37.57188034057617,51.608
2025-03-29 16:31:23,27.64890675964356,37.5144157409668,51.608
2025-03-29 16:31:24,27.195047509765626,37.64849853515625,52.582
2025-03-29 16:31:25,28.348004925537108,37.725120544433594,51.121
2025-03-29 16:31:26,27.746596578979496,37.57188034057617,51.608
2025-03-29 16:31:27,27.68146787109375,37.5335693359375,51.608
2025-03-29 16:31:28,27.242878051757813,37.476104736328125,52.095
2025-03-29 16:31:29,27.55121694030762,37.45695114135742,51.608
2025-03-29 16:31:30,27.583778051757815,37.476104736328125,51.608
2025-03-29 16:31:31,27.7140354675293,37.55272674560547,51.608
2025-03-29 16:31:32,28.120057690429686,37.591033935546875,51.121
2025-03-29 16:31:33,27.242878051757813,37.476104736328125,52.095
2025-03-29 16:31:34,27.68146787109375,37.5335693359375,51.608
2025-03-29 16:31:35,27.7140354675293,37.55272674560547,51.608
2025-03-29 16:31:36,27.77915769042969,37.591033935546875,51.608
2025-03-29 16:31:37,27.746596578979496,37.57188034057617,51.608
2025-03-29 16:31:38,27.420966009521486,37.380332946777344,51.608
2025-03-29 16:31:39,27.11262712097168,37.39948654174805,52.095
2025-03-29 16:31:40,27.616345648193363,37.495262145996094,51.608
2025-03-29 16:31:41,26.285306759643557,37.5144157409668,53.556
2025-03-29 16:31:42,26.869416940307616,37.45695114135742,52.582
2025-03-29 16:31:43,26.285306759643557,37.5144157409668,53.556
2025-03-29 16:31:44,27.27544564819336,37.495262145996094,52.095
2025-03-29 16:31:45,27.032235467529297,37.55272674560547,52.582
2025-03-29 16:31:46,26.691335467529296,37.55272674560547,53.069
2025-03-29 16:31:47,27.195047509765626,37.64849853515625,52.582
2025-03-29 16:31:48,26.65876787109375,37.5335693359375,53.069
2025-03-29 16:31:49,25.84671694030762,37.45695114135742,54.043
2025-03-29 16:31:50,25.814155828857423,37.43779754638672,54.043
2025-03-29 16:31:51,26.25274564819336,37.495262145996094,53.556
2025-03-29 16:31:52,27.064796578979493,37.57188034057617,52.582
2025-03-29 16:31:53,25.620804925537108,37.725120544433594,55.017
2025-03-29 16:31:54,26.107225286865237,37.610191345214844,54.043
2025-03-29 16:31:55,26.480686398315434,37.62934494018555,53.556
2025-03-29 16:31:56,26.886715106201173,37.66765594482422,53.069
2025-03-29 16:31:57,26.25274564819336,37.495262145996094,53.556
2025-03-29 16:31:58,26.756457690429684,37.591033935546875,53.069
2025-03-29 16:31:59,26.41555769042969,37.591033935546875,53.556
2025-03-29 16:32:00,26.25274564819336,37.495262145996094,53.556
2025-03-29 16:32:01,26.65876787109375,37.5335693359375,53.069
2025-03-29 16:32:02,26.676066036987308,37.7442741394043,53.556
2025-03-29 16:32:03,26.480686398315434,37.62934494018555,53.556
2025-03-29 16:32:04,27.568515106201176,37.66765594482422,52.095
2025-03-29 16:32:05,27.601076217651368,37.68680953979492,52.095
2025-03-29 16:32:06,27.470825286865235,37.610191345214844,52.095
2025-03-29 16:32:07,28.08749657897949,37.57188034057617,51.121
2025-03-29 16:32:08,27.438257690429687,37.591033935546875,52.095
2025-03-29 16:32:09,27.195047509765626,37.64849853515625,52.582
2025-03-29 16:32:10,27.3731354675293,37.55272674560547,52.095
2025-03-29 16:32:11,27.811725286865236,37.610191345214844,51.608
2025-03-29 16:32:12,26.93454564819336,37.495262145996094,52.582
2025-03-29 16:32:13,26.93454564819336,37.495262145996094,52.582
2025-03-29 16:32:14,26.804294717407227,37.418643951416016,52.582
2025-03-29 16:32:15,26.448125286865235,37.610191345214844,53.556
2025-03-29 16:32:16,27.811725286865236,37.610191345214844,51.608
2025-03-29 16:32:17,27.3731354675293,37.55272674560547,52.095
2025-03-29 16:32:18,27.17775582885742,37.43779754638672,52.095
2025-03-29 16:32:19,26.901978051757812,37.476104736328125,52.582
2025-03-29 16:32:20,27.438257690429687,37.591033935546875,52.095
2025-03-29 16:32:21,27.7140354675293,37.55272674560547,51.608
2025-03-29 16:32:22,27.7140354675293,37.55272674560547,51.608
2025-03-29 16:32:23,27.957245648193357,37.495262145996094,51.121
2025-03-29 16:32:24,26.674037301635742,37.34202194213867,52.582
2025-03-29 16:32:25,27.27544564819336,37.495262145996094,52.095
2025-03-29 16:32:26,27.7140354675293,37.55272674560547,51.608
2025-03-29 16:32:27,27.55121694030762,37.45695114135742,51.608
2025-03-29 16:32:28,27.388404898071293,37.36117935180664,51.608
2025-03-29 16:32:29,26.77172712097168,37.39948654174805,52.582
2025-03-29 16:32:30,27.85955582885742,37.43779754638672,51.121
2025-03-29 16:32:31,26.786996551513674,37.20793914794922,52.095
2025-03-29 16:32:32,27.290715078735353,37.303714752197266,51.608
2025-03-29 16:32:33,26.852125259399415,37.24625015258789,52.095
2025-03-29 16:32:34,27.664176190185547,37.32286834716797,51.121
2025-03-29 16:32:35,26.819564147949222,37.22709655761719,52.095
2025-03-29 16:32:36,27.761866009521484,37.380332946777344,51.121
2025-03-29 16:32:37,27.518655828857426,37.43779754638672,51.608
2025-03-29 16:32:38,26.641476190185546,37.32286834716797,52.582
2025-03-29 16:32:39,27.32327619018555,37.32286834716797,51.608
2025-03-29 16:32:40,26.917253967285156,37.28456115722656,52.095
2025-03-29 16:32:41,27.453527120971682,37.39948654174805,51.608
2025-03-29 16:32:42,27.453527120971682,37.39948654174805,51.608
2025-03-29 16:32:43,27.583778051757815,37.476104736328125,51.608
2025-03-29 16:32:44,27.17775582885742,37.43779754638672,52.095
2025-03-29 16:32:45,27.04750489807129,37.36117935180664,52.095
2025-03-29 16:32:46,27.664176190185547,37.32286834716797,51.121
2025-03-29 16:32:47,26.70660489807129,37.36117935180664,52.582
2025-03-29 16:32:48,27.11262712097168,37.39948654174805,52.095
2025-03-29 16:32:49,27.17775582885742,37.43779754638672,52.095
2025-03-29 16:32:50,27.583778051757815,37.476104736328125,51.608
2025-03-29 16:32:51,27.64890675964356,37.5144157409668,51.608
2025-03-29 16:32:52,27.924678051757812,37.476104736328125,51.121
2025-03-29 16:32:53,26.982376190185548,37.32286834716797,52.095
2025-03-29 16:32:54,26.60891507873535,37.303714752197266,52.582
2025-03-29 16:32:55,27.892116940307616,37.45695114135742,51.121
2025-03-29 16:32:56,27.729304898071288,37.36117935180664,51.121
2025-03-29 16:32:57,27.55121694030762,37.45695114135742,51.608
2025-03-29 16:32:58,27.14519471740723,37.418643951416016,52.095
2025-03-29 16:32:59,27.77915769042969,37.591033935546875,51.608
2025-03-29 16:33:00,27.616345648193363,37.495262145996094,51.608
2025-03-29 16:33:01,27.014937301635744,37.34202194213867,52.095
2025-03-29 16:33:02,27.55121694030762,37.45695114135742,51.608
2025-03-29 16:33:03,27.616345648193363,37.495262145996094,51.608
2025-03-29 16:33:04,27.014937301635744,37.34202194213867,52.095
2025-03-29 16:33:05,26.917253967285156,37.28456115722656,52.095
2025-03-29 16:33:06,26.852125259399415,37.24625015258789,52.095
2025-03-29 16:33:07,27.761866009521484,37.380332946777344,51.121
2025-03-29 16:33:08,27.761866009521484,37.380332946777344,51.121
2025-03-29 16:33:09,27.127896551513675,37.20793914794922,51.608
2025-03-29 16:33:10,26.88468637084961,37.265403747558594,52.095
2025-03-29 16:33:11,27.388404898071293,37.36117935180664,51.608
2025-03-29 16:33:12,27.290715078735353,37.303714752197266,51.608
2025-03-29 16:33:13,27.761866009521484,37.380332946777344,51.121
2025-03-29 16:33:14,27.68146787109375,37.5335693359375,51.608
2025-03-29 16:33:15,27.32327619018555,37.32286834716797,51.608
2025-03-29 16:33:16,27.48609471740723,37.418643951416016,51.608
2025-03-29 16:33:17,27.84226414794922,37.22709655761719,50.634
2025-03-29 16:33:18,27.25815396728516,37.28456115722656,51.608
2025-03-29 16:33:19,27.127896551513675,37.20793914794922,51.608
2025-03-29 16:33:20,27.56648637084961,37.265403747558594,51.121
2025-03-29 16:33:21,27.420966009521486,37.380332946777344,51.608
2025-03-29 16:33:22,28.102766009521485,37.380332946777344,50.634
2025-03-29 16:33:23,27.56648637084961,37.265403747558594,51.121
2025-03-29 16:33:24,27.04750489807129,37.36117935180664,52.095
2025-03-29 16:33:25,27.729304898071288,37.36117935180664,51.121
2025-03-29 16:33:26,27.79442712097168,37.39948654174805,51.121
2025-03-29 16:33:27,27.290715078735353,37.303714752197266,51.608
2025-03-29 16:33:28,28.298145648193362,37.495262145996094,50.634
2025-03-29 16:33:29,27.55121694030762,37.45695114135742,51.608
2025-03-29 16:33:30,27.892116940307616,37.45695114135742,51.121
2025-03-29 16:33:31,27.290715078735353,37.303714752197266,51.608
2025-03-29 16:33:32,27.989806759643553,37.5144157409668,51.121
2025-03-29 16:33:33,27.924678051757812,37.476104736328125,51.121
2025-03-29 16:33:34,27.48609471740723,37.418643951416016,51.608
2025-03-29 16:33:35,27.420966009521486,37.380332946777344,51.608
2025-03-29 16:33:36,28.265578051757814,37.476104736328125,50.634
2025-03-29 16:33:37,27.924678051757812,37.476104736328125,51.121
2025-03-29 16:33:38,28.054935467529297,37.55272674560547,51.121
2025-03-29 16:33:39,27.48609471740723,37.418643951416016,51.608
2025-03-29 16:33:40,27.242878051757813,37.476104736328125,52.095
2025-03-29 16:33:41,27.989806759643553,37.5144157409668,51.121
